11031064,190042,6028,7590,2,"Lamborghini Aventador S Roadster vs McLaren 720S Spider - DRAG RACE, ROLLING RACE & BRAKE TEST",Autos & Vehicles,https://www.youtube.com/watch?v=fJGxc0x7hzA
168302,4621,99,784,27,Overgeared Traxxas X-Maxx FLAT OUT offroad (maximum abuse!),Education,https://www.youtube.com/watch?v=EnrWjK8Emr0
1066881,33722,844,2508,2,Noob's Guide to Car Culture!,Autos & Vehicles,https://www.youtube.com/watch?v=9ahkx9FisAg
52694,987,104,163,28,25 SCARY But True Space Facts,Science & Technology,https://www.youtube.com/watch?v=ooTFrKZJZeI
83839542,232618,53960,489,27,"StoryBots Outer Space | Planets, Sun, Moon, Earth and Stars | Solar System Super Song | Fun Learning",Education,https://www.youtube.com/watch?v=Vb2ZXRh74WU
249362,5940,339,742,27,The 10 Biggest Lies about Space!,Education,https://www.youtube.com/watch?v=8Q_476NiYzo
1738368,25612,1028,2990,24,10 Terrifying Facts About Space,Entertainment,https://www.youtube.com/watch?v=UNEFDynNw-Q
2052438,18331,1896,2200,28,10 Space Photos That Will Give You Nightmares,Science & Technology,https://www.youtube.com/watch?v=pb2MkzCgQ-4
874312,13309,1311,1268,24,10 Creepiest Things Seen By Astronauts In Space.,Entertainment,https://www.youtube.com/watch?v=YhsS0yLISuo
4798291,221821,3131,23142,20,Game Theory: Are Your Mobile Games ILLEGAL?,Gaming,https://www.youtube.com/watch?v=iT6eMorkX78
1654741,63211,554,1173,20,King Julien Warzone Moments,Gaming,https://www.youtube.com/watch?v=65nXaHm_Reo
27837,1419,4,70,20,warm up games on ana are always the sweatiest w/ @bogur,Gaming,https://www.youtube.com/watch?v=ksmx5kHWmbc
2164066,121002,876,8995,20,WHAT SHE DOIN ON THE CEILING?? | 3 Scary Games,Gaming,https://www.youtube.com/watch?v=HXWpaUuwKoc
4669856,147038,1077,7010,24,Smash Bros Drinking Game! Ft. Michael Reeves,Entertainment,https://www.youtube.com/watch?v=vcDMNOlHsyQ
5160579,174529,1211,4853,24,SHOWER THOUGHTS,Entertainment,https://www.youtube.com/watch?v=J2VHanpWmrA
6889232,237839,2775,20330,20,UNSTOPPABLE MORON MAKES NUCLEAR WASTELAND NOTICEABLY WORSE | Fallout: New Vegas,Gaming,https://www.youtube.com/watch?v=VKoki--fSvU
414102,32572,128,750,1,Michael Reeves RUST Adventure | Animation,Film & Animation,https://www.youtube.com/watch?v=o4B-Um22y-U
4527511,348228,2998,25653,20,How much does Pewdiepie Make,Gaming,https://www.youtube.com/watch?v=HORIiz_9Q4M
86079020,5832139,203994,632971,24,THE RUBY PLAYBUTTON / YouTube 50 Mil Sub Reward Unbox,Entertainment,https://www.youtube.com/watch?v=7Vj5M0qKh8g
492682,18725,212,1835,20,When a Smash Player tries Dragon Ball FighterZ,Gaming,https://www.youtube.com/watch?v=izsBxSa2VGU
2021674,98326,583,6171,20,DBFZ - Lobby ShenaniganZ 4,Gaming,https://www.youtube.com/watch?v=Ko93YyR_K5A
1132683,10903,925,534,26,Rainbow Hacks and Crafts! / 11 Cool Girly and Beauty Hacks,Howto & Style,https://www.youtube.com/watch?v=25y41Kqxa6s
30785998,172209,19594,11698,22,"7 COOL GIRLY HACKS || DIY, Hacks and Craft Projects for Girls",People & Blogs,https://www.youtube.com/watch?v=OnbFJPlBXD0
10044017,83089,10617,3146,26,"11 Cool Girly Hacks / DIY, Hacks and Craft Projects for Girls",Howto & Style,https://www.youtube.com/watch?v=yWPJg1ZW3P0
946335,46938,428,3234,20,nerf baby vegeta pls,Gaming,https://www.youtube.com/watch?v=obUIG3IsK4c
715517,32326,334,2168,20,Three Idiots VS Gogeta SSJ4 (STRONGEST BOSS In Dragon Ball FighterZ),Gaming,https://www.youtube.com/watch?v=sqzUZBtBsoA
737342,31147,270,3513,20,Three Idiots VS Super Baby Vegeta (MONSTER BOSS In Dragon Ball FighterZ!),Gaming,https://www.youtube.com/watch?v=nxSvJR7baoY
5526178,94604,3437,13295,20,MOST HILARIOUS RAGE EVER. ðŸ˜‚,Gaming,https://www.youtube.com/watch?v=z5mx39VWkv8
45562,5601,35,368,20,HOW is he Putting Up a Fight!? | Dragon Ball FighterZ,Gaming,https://www.youtube.com/watch?v=rhrkkt7E_k8
490650,24601,145,1567,20,When Three Idiots Attempt THE FINAL BOSS BATTLE In Dragonball FighterZ....,Gaming,https://www.youtube.com/watch?v=4svq6KK_uFI
2320660,80365,900,2159,20,When Three Idiots Attempt THE HARDEST BOSS BATTLE In Dragonball FighterZ...,Gaming,https://www.youtube.com/watch?v=VUs5Mp5kd1E
224434,6735,177,901,23,Memes that have the power of God and Anime on their side,Comedy,https://www.youtube.com/watch?v=pjbddpa_gTM
6479599,199314,7461,8545,23,memes that are actually funny,Comedy,https://www.youtube.com/watch?v=rk3-Av1KblM
27202818,587998,29579,27272,24,iconic vines that changed the world,Entertainment,https://www.youtube.com/watch?v=Sdkwu2FvFfI
435288,6964,166,314,24,Funny Vines March 2021 (Part 1) TBT Clean Vine,Entertainment,https://www.youtube.com/watch?v=ljKeQ4C7UVw
